{
    "axiom.widget.search_block": "Sök",
    "axiom.tool.noise_painter.3d_mode": "3D-läge",
    "axiom.editorui.mainmenu.edit": "Redigera",
    "axiom.editorui.mainmenu.select": "Markera",
    "axiom.editorui.mainmenu.view": "Visa",
    "axiom.editorui.mainmenu.create": "Skapa",
    "axiom.editorui.mainmenu.operations": "Åtgärder",
    "axiom.editorui.mainmenu.window": "Fönster",
    "axiom.editorui.mainmenu.help": "Hjälp",
    "axiom.editorui.mainmenu.create.cone": "Kon...",
    "axiom.editorui.mainmenu.create.cuboid": "Rätblock...",
    "axiom.editorui.mainmenu.create.cylinder": "Cylinder...",
    "axiom.editorui.mainmenu.create.pyramid": "Pyramid...",
    "axiom.editorui.mainmenu.create.sphere": "Klot...",
    "axiom.editorui.mainmenu.edit.copy": "Kopia",
    "axiom.editorui.mainmenu.edit.cut": "Klipp ut",
    "axiom.editorui.mainmenu.edit.redo": "Gör om",
    "axiom.editorui.mainmenu.edit.redo_named": "Gör om \"%s\"",
    "axiom.editorui.mainmenu.edit.save_blueprint": "Spara skiss",
    "axiom.editorui.mainmenu.edit.undo": "Ångra",
    "axiom.editorui.mainmenu.edit.undo_named": "Ångra \"%s\"",
    "axiom.editorui.mainmenu.help.discord_server": "Discord-server...",
    "axiom.editorui.mainmenu.help.documentation": "Dokumentation...",
    "axiom.editorui.mainmenu.help.keybinds": "Kortkommandon...",
    "axiom.editorui.mainmenu.help.reset_tutorial": "Återställ inforutor",
    "axiom.editorui.mainmenu.help.style_editor": "Preferenser...",
    "axiom.editorui.mainmenu.operations.analyze": "Analysera...",
    "axiom.editorui.mainmenu.operations.drain": "Dränera",
    "axiom.editorui.mainmenu.operations.fill": "Fyll...",
    "axiom.editorui.mainmenu.operations.fill_bottom": "Fyll i längst ned...",
    "axiom.editorui.mainmenu.operations.fill_category": "Fyll",
    "axiom.editorui.mainmenu.operations.fill_bottom_description": "Fyll i de nedre kanterna av en markering med ett block",
    "axiom.editorui.mainmenu.operations.fill_description": "Fyll i markeringen med ett block",
    "axiom.editorui.mainmenu.operations.fill_nearest": "Fyll i med närmaste",
    "axiom.editorui.mainmenu.operations.fill_nearest_description": "Ersätt luftblock med närmaste icke-luftblock",
    "axiom.editorui.mainmenu.operations.fill_outline": "Fyll i kontur...",
    "axiom.editorui.mainmenu.operations.fill_outline_description": "Fyll i alla kanter av en markering med ett block",
    "axiom.editorui.mainmenu.operations.fill_top": "Fyll i högst upp...",
    "axiom.editorui.mainmenu.operations.fill_top_description": "Fyll i de övre kanterna av en markering med ett block",
    "axiom.editorui.mainmenu.operations.fill_walls": "Fyll i väggar...",
    "axiom.editorui.mainmenu.operations.fill_walls_description": "Fyll i de horisontella kanterna av en markering med ett block",
    "axiom.editorui.mainmenu.operations.gravity": "Gravitation",
    "axiom.editorui.mainmenu.operations.replace": "Ersätt...",
    "axiom.editorui.mainmenu.operations.set_biome": "Ändra biom...",
    "axiom.editorui.mainmenu.operations.simulation_category": "Simulering",
    "axiom.editorui.mainmenu.operations.waterlog": "Vattenfyll",
    "axiom.editorui.mainmenu.select.bounding_box": "Avgränsningsruta",
    "axiom.editorui.mainmenu.select.clear": "Rensa",
    "axiom.editorui.mainmenu.select.distort": "Förvräng...",
    "axiom.editorui.mainmenu.select.expand": "Utvidga...",
    "axiom.editorui.mainmenu.select.mask": "Maskera...",
    "axiom.editorui.mainmenu.select.shrink": "Förminska...",
    "axiom.editorui.mainmenu.select.smooth": "Jämna ut...",
    "axiom.editorui.mainmenu.toolmasks": "Verktygsmaskeringar",
    "axiom.editorui.mainmenu.toolmasks.clear": "Avmarkera",
    "axiom.editorui.mainmenu.toolmasks.edit": "Redigera",
    "axiom.editorui.mainmenu.view.liquid_opacity": "Vätskeopacitet",
    "axiom.editorui.mainmenu.view.min_brightness": "Lägsta ljusstyrka",
    "axiom.editorui.mainmenu.view.show_biomes": "Visa biomer",
    "axiom.editorui.mainmenu.view.show_key_presses": "Visa tangenttryckningar",
    "axiom.editorui.mainmenu.view.show_selection": "Visa markering",
    "axiom.editorui.mainmenu.view.ui_scale": "Gränssnittsskala",
    "axiom.editorui.mainmenu.window.windows": "Fönster",
    "axiom.editorui.middle_mouse_short": "Mittenklick",
    "axiom.editorui.multiple_keybinds": "",
    "axiom.editorui.pin_location": "Fäst platsen",
    "axiom.editorui.pin_world": "Fäst världen",
    "axiom.editorui.right_mouse_short": "Högerklick",
    "axiom.editorui.spectators_generate_chunks_warning": "Varning: Spelregeln spectatorsGenerateChunks är \"false\", detta kommer att orsaka stora problem med redigerarens användargränssnitt. Ändra spelregeln till \"true\"",
    "axiom.editorui.view.create_new": "Ny vy",
    "axiom.editorui.view.new_view_name": "Ny vy",
    "axiom.editorui.window.active_block": "Aktivt block",
    "axiom.editorui.window.analyze": "Analysera",
    "axiom.editorui.window.analyze.block_count": "Antal",
    "axiom.editorui.window.analyze.block_distribution": "Fördel.",
    "axiom.editorui.window.analyze.block_type": "Block",
    "axiom.editorui.window.analyze.clear_information": "Rensa",
    "axiom.editorui.window.analyze.do_analyze": "Analysera",
    "axiom.editorui.window.block_distribution_total": "Summa",
    "axiom.editorui.window.blueprint_browser": "Skissläsare",
    "axiom.editorui.window.blueprint_browser.add_folder": "Lägg till mapp",
    "axiom.editorui.window.blueprint_browser.automatically_refresh": "Uppdatera automatiskt",
    "axiom.editorui.window.blueprint_browser.close": "Stäng",
    "axiom.editorui.window.blueprint_browser.confirm": "Bekräfta",
    "axiom.editorui.window.blueprint_browser.delete": "Radera",
    "axiom.editorui.window.blueprint_browser.disable_auto_refresh": "Inaktivera automatisk uppdatering",
    "axiom.editorui.window.blueprint_browser.edit_blueprint": "Redigera skiss",
    "axiom.editorui.window.blueprint_browser.file_browser_win": "Utforskaren",
    "axiom.editorui.window.blueprint_browser.file_missing": "Filen finns inte!",
    "axiom.editorui.window.blueprint_browser.file_missing_message1": "Filen \"%s\" finns inte längre!",
    "axiom.editorui.window.blueprint_browser.move_file_already_exists": "Filen \"%s\" finns redan i filkatalogen",
    "axiom.editorui.window.blueprint_browser.move_file_overwrite": "Skriv över",
    "axiom.editorui.window.blueprint_browser.new_folder": "Ny mapp",
    "axiom.editorui.window.blueprint_browser.new_folder_i": "Ny mapp (%s)",
    "axiom.editorui.window.blueprint_browser.overflow_files_message": "Identifierade en stor mängd filändringar",
    "axiom.editorui.window.blueprint_browser.reload": "Uppdatera",
    "axiom.editorui.window.blueprint_browser.rename_file": "Byt namn på fil",
    "axiom.editorui.window.blueprint_browser.sort_by": "Sortera efter",
    "axiom.editorui.window.blueprint_browser.sort_by.ascending": "Stigande",
    "axiom.editorui.window.blueprint_browser.sort_by.block_count": "Antal block",
    "axiom.editorui.window.blueprint_browser.sort_by.descending": "Fallande",
    "axiom.editorui.window.blueprint_browser.sort_by.name": "Namn",
    "axiom.editorui.window.blueprint_browser.unnamed_blueprint": "Namnlös",
    "axiom.editorui.window.clipboard": "Urklipp",
    "axiom.editorui.window.clipboard.clear": "Rensa",
    "axiom.editorui.window.clipboard.copy_hint": "%s för att kopiera markeringen till urklipp",
    "axiom.editorui.window.clipboard.empty": "Tom",
    "axiom.editorui.window.clipboard.n_blocks": "%s block",
    "axiom.editorui.window.clipboard.placement_options": "Placeringsalternativ",
    "axiom.editorui.window.clipboard.placement_options.keep_existing": "Behåll befintliga block",
    "axiom.editorui.window.clipboard.placement_options.paste_air": "Klista in luftblock",
    "axiom.editorui.window.clipboard.placement_options.rotate": "Rotera...",
    "axiom.editorui.window.create_blueprint": "Skapa skiss",
    "axiom.editorui.window.create_blueprint.author": "Skapare",
    "axiom.editorui.window.create_blueprint.bp_filter_description": "Skissfiler",
    "axiom.editorui.window.create_blueprint.name": "Namn",
    "axiom.editorui.window.create_blueprint.save": "Spara",
    "axiom.editorui.window.create_blueprint.save_blueprint": "Spara skiss",
    "axiom.editorui.window.create_shape": "Skapa figur",
    "axiom.editorui.window.create_shape.advanced": "Avancerat",
    "axiom.editorui.window.create_shape.cone": "Kon",
    "axiom.editorui.window.create_shape.copied": "Kopierad!",
    "axiom.editorui.window.create_shape.copy_to_clipboard": "Kopiera till urklipp",
    "axiom.editorui.window.create_shape.cuboid": "Rätblock",
    "axiom.editorui.window.create_shape.cylinder": "Cylinder",
    "axiom.editorui.window.create_shape.do_place": "Placera",
    "axiom.editorui.window.create_shape.height": "Höjd",
    "axiom.editorui.window.create_shape.hollow": "Ihålig",
    "axiom.editorui.window.create_shape.yaw": "Girning",
    "axiom.editorui.window.create_shape.roll": "Rullning",
    "axiom.editorui.window.create_shape.pitch": "Stigning",
    "axiom.editorui.window.create_shape.pyramid": "Pyramid",
    "axiom.editorui.window.create_shape.radius": "Radie",
    "axiom.editorui.window.create_shape.separate_xyz": "Separata x-, y-, och z-axlar",
    "axiom.editorui.window.create_shape.separate_xz": "Separata x- och z-axlar",
    "axiom.editorui.window.create_shape.shape": "Figur",
    "axiom.editorui.window.create_shape.sphere": "Klot",
    "axiom.tool.gradient_painter.gradient_shape_sphere": "Klot",
    "axiom.tool.shape.sphere": "Klot",
    "axiom.editorui.window.create_shape.width": "Bredd",
    "axiom.editorui.window.debug_info": "Felsökningsinfo",
    "axiom.editorui.window.distort_selection": "Förvräng markering",
    "axiom.editorui.window.distort_selection.distance": "Avstånd",
    "axiom.editorui.window.distort_selection.do_distort": "Förvräng",
    "axiom.editorui.window.distort_selection.noise_radius": "Radie för brus",
    "axiom.editorui.window.expand_selection": "Utvidga markering",
    "axiom.editorui.window.expand_selection.do_expand": "Utvidga",
    "axiom.editorui.window.expand_selection.expand_selection_by": "Utvidga markering med",
    "axiom.editorui.window.fill": "Ifyllning",
    "axiom.editorui.window.fill.all": "Allting",
    "axiom.editorui.window.fill.bottom": "Längst ned",
    "axiom.editorui.window.fill.do_fill": "Fyll i",
    "axiom.editorui.window.fill.inside": "Inuti",
    "axiom.editorui.window.fill.outline": "Kontur",
    "axiom.editorui.window.fill.top": "Högst upp",
    "axiom.editorui.window.fill.walls": "Väggar",
    "axiom.editorui.window.history": "Historik",
    "axiom.editorui.window.history.no_history": "Ingen historik",
    "axiom.editorui.window.keybinds": "Kortkommandon",
    "axiom.editorui.window.keybinds.conflicts_with": "Denna tangent används även för:",
    "axiom.editorui.window.keybinds.load_default": "Läs in standardinställningar...",
    "axiom.editorui.window.keybinds.load_blender_defaults": "Blender-liknande",
    "axiom.editorui.window.keybinds.load_axiom_defaults": "Axioms standardinställningar",
    "axiom.editorui.window.mask_selection": "Välj maskering",
    "axiom.editorui.window.mask_selection.mask": "Tillämpa",
    "axiom.editorui.window.palette": "Palett",
    "axiom.editorui.window.palette.add_block_to": "Lägg till block i %s",
    "axiom.editorui.window.palette.add_new_block": "Lägg till nytt block",
    "axiom.editorui.window.palette.add_new_category": "Lägg till ny kategori",
    "axiom.editorui.window.palette.after": "Efter %s",
    "axiom.editorui.window.palette.are_you_sure_delete": "Är du säker på att du vill ta bort \"%s\"?",
    "axiom.editorui.window.palette.before": "Före %s",
    "axiom.editorui.window.palette.cannot_be_undone": "Denna åtgärd kan INTE ångras",
    "axiom.editorui.window.palette.custom": "Anpassade",
    "axiom.editorui.window.palette.delete": "Radera %s",
    "axiom.editorui.window.palette.child_of": "Underordnad %s",
    "axiom.editorui.window.palette.custom_empty": "Tom (Höger-Klicka för att lägga till)",
    "axiom.editorui.window.palette.invalid_name_blank": "Ogiltigt namn: Fältet får inte vara tomt",
    "axiom.editorui.window.palette.invalid_name_duplicate": "Duplicerat namn: %s finns redan",
    "axiom.editorui.window.palette.remove_block": "Ta bort block",
    "axiom.editorui.window.palette.invalid_name_contains_hash": "Ogiltigt namn: Får inte innehålla \"#\"",
    "axiom.editorui.window.palette.recently_used": "Nyligen använda",
    "axiom.editorui.window.palette.rename": "Byt namn på %s",
    "axiom.editorui.window.palette.unknown_custom_block": "Okänt anpassat block",
    "axiom.editorui.window.replace.do_replace": "Ersätt",
    "axiom.editorui.window.set_biome": "Ändra biom",
    "axiom.editorui.window.set_biome.do_set_biome": "Ändra biom",
    "axiom.editorui.window.palette.this_will_delete_children": "Detta kommer också att radera alla underordnade till %s",
    "axiom.editorui.window.replace": "Ersätt",
    "axiom.editorui.window.set_biome.fill_vertically": "Fyll i vertikalt",
    "axiom.editorui.window.shrink_selection": "Förminska markering",
    "axiom.editorui.window.shrink_selection.do_shrink": "Förminska",
    "axiom.editorui.window.shrink_selection.shrink_selection_by": "Förminska markering med",
    "axiom.editorui.window.smooth_selection": "Jämna ut markering",
    "axiom.editorui.window.smooth_selection.do_smooth": "Jämna ut",
    "axiom.editorui.window.smooth_selection.stddev": "Standardavvikelse",
    "axiom.editorui.window.smooth_selection.threshold": "Tröskelvärde",
    "axiom.editorui.window.style_editor": "Preferenser",
    "axiom.editorui.window.style_editor.base_style": "Tema",
    "axiom.editorui.window.target_info": "Målinfo",
    "axiom.editorui.window.target_info.distance": "Avstånd: %s",
    "axiom.editorui.window.target_info.no_target": "Inget mål",
    "axiom.editorui.window.target_info.position": "Position: %s, %s, %s",
    "axiom.editorui.window.target_info.targeted_biome": "Målbiom: %s",
    "axiom.editorui.window.target_info.targeted_block": "Målblock: %s",
    "axiom.editorui.window.tool_masks": "Verktygsmaskeringar",
    "axiom.editorui.window.tool_masks.logic": "Logik",
    "axiom.editorui.window.tool_masks.mask_above": "Ovanför",
    "axiom.editorui.window.tool_masks.mask_angle": "Vinkel",
    "axiom.editorui.window.tool_masks.mask_below": "Nedanför",
    "axiom.editorui.window.tool_masks.mask_block": "Block",
    "axiom.editorui.window.tool_masks.mask_neighbor": "Angränsande",
    "axiom.editorui.window.tool_masks.mask_y": "Höjd",
    "axiom.editorui.window.tool_masks.masks": "Maskeringar",
    "axiom.editorui.window.tool_masks.mode": "Läge",
    "axiom.editorui.window.tool_options": "Verktygsalternativ",
    "axiom.editorui.window.tool_masks.mask_near": "Närliggande",
    "axiom.editorui.window.tool_masks.mask_inselection": "I markering",
    "axiom.editorui.window.tool_masks.mode_dest": "Endast destination",
    "axiom.editorui.window.tool_masks.mode_source": "Endast källa",
    "axiom.editorui.window.tool_masks.mode_source_and_dest": "Källa och destination",
    "axiom.editorui.window.tool_options.no_active_tool": "Inget verktyg används",
    "axiom.editorui.window.tools": "Verktyg",
    "axiom.editorui.window.world_properties": "Världsegenskaper",
    "axiom.editorui.window.world_properties.block_drops": "Få föremål från brutna block",
    "axiom.editorui.window.world_properties.block_gravity": "Låt block ha gravitation",
    "axiom.editorui.window.world_properties.blocks": "Block",
    "axiom.editorui.window.world_properties.day": "Dag",
    "axiom.editorui.window.world_properties.fire_tick": "Låt eld sprida sig",
    "axiom.editorui.window.world_properties.freeze_time": "Stoppa tiden",
    "axiom.editorui.window.world_properties.midnight": "Midnatt",
    "axiom.editorui.window.world_properties.mob_spawning": "Skapa varelser",
    "axiom.editorui.window.world_properties.night": "Natt",
    "axiom.editorui.window.world_properties.noon": "Middag",
    "axiom.editorui.window.world_properties.player": "Spelare",
    "axiom.editorui.window.world_properties.time": "Tid",
    "axiom.editorui.window.world_properties.random_tick_speed": "Slumpmässig tickhastighet",
    "axiom.editorui.window.world_properties.trample_farmland": "Tillåt söndertrampning av åkerjord",
    "axiom.editorui.window.world_properties.unavailable": "Inte tillgänglig",
    "axiom.editorui.window.world_properties.unavailable_description": "Servern stödjer inte redigering av världsegenskaper",
    "axiom.history_description.biome_painted": "Ändrade biom för %s block",
    "axiom.history_description.cloned": "Klonade %s block",
    "axiom.history_description.cut": "Klippte ut %s block",
    "axiom.history_description.deleted": "Raderade %s block",
    "axiom.history_description.deselected": "Avmarkerade %s block",
    "axiom.history_description.deselected_all": "Avmarkerade alla block",
    "axiom.history_description.distorted": "Förvrängde %s block",
    "axiom.history_description.drained_n": "Tömde %s vätskeblock",
    "axiom.history_description.drew": "Ritade ut %s block",
    "axiom.history_description.placed_blueprint": "Placerade %s",
    "axiom.history_description.placed": "Placerade %s block",
    "axiom.history_description.shrunk": "Förminskade %s block",
    "axiom.history_description.smeared": "Smetade ut %s block",
    "axiom.history_description.shatter": "Krossade %s block",
    "axiom.history_description.set_n_blocks_to": "Ändrade %s block till %s",
    "axiom.history_description.selected_additional": "Markerade +%s block",
    "axiom.history_description.melted": "Smälte bort %s block",
    "axiom.history_description.modified": "Ändrade %s block",
    "axiom.history_description.moved": "Flyttade %s block",
    "axiom.history_description.painted": "Målade %s block",
    "axiom.history_description.selected": "Markerade %s block",
    "axiom.history_description.smoothed": "Jämnade ut %s block",
    "axiom.history_description.waterlogged_n": "Vattenfyllde %s block",
    "axiom.keybind": "Axiom",
    "axiom.keybind.toggle_bulldozer_cap": "Växla till bulldozer",
    "axiom.keybind.toggle_editor_ui": "Växla till redigeringsgränssnitt",
    "axiom.keybind.toggle_fast_place_cap": "Växla till snabbplacering",
    "axiom.keybind.toggle_force_place_cap": "Växla till tvingad placering",
    "axiom.keybind.toggle_infinite_reach_cap": "Växla till oändlig räckvidd",
    "axiom.keybind.toggle_replace_mode_cap": "Växla till ersättningsläge",
    "axiom.keybind_capabilities": "Axiom (kapaciteter)",
    "axiom.keybind.context": "Kontextmeny",
    "axiom.keybind.orbit_camera": "Orbital kamera",
    "axiom.keybind.builder_tool_slot": "Byggverktygsplats",
    "axiom.keybind.toggle_no_updates_cap": "Växla till inga uppdateringar",
    "axiom.keybind.toggle_tinker_cap": "Växla till tinker",
    "axiom.keybind_categories.basic": "Grundläggande",
    "axiom.keybind_categories.edit": "Redigering",
    "axiom.keybind_categories.movement": "Rörelse",
    "axiom.keybind_categories.operations": "Åtgärder",
    "axiom.keybind_categories.placement": "Placering",
    "axiom.keybind_categories.view": "Visa",
    "axiom.keybind_options.invert_camera_rotate": "Invertera kamerarotation",
    "axiom.keybinds.arcball_camera": "Bågbollskamera",
    "axiom.keybinds.copy": "Kopiera",
    "axiom.keybinds.crosshair_camera": "Hårkors",
    "axiom.keybinds.cut": "Klipp ut",
    "axiom.keybinds.move_backward": "Gå bakåt",
    "axiom.keybinds.flip_placement": "Spegelvänd placering",
    "axiom.keybinds.move_down": "Gå nedåt",
    "axiom.keybinds.move_forward": "Gå framåt",
    "axiom.keybinds.move_left": "Gå åt vänster",
    "axiom.keybinds.move_right": "Gå åt höger",
    "axiom.keybinds.move_up": "Gå uppåt",
    "axiom.keybinds.move_quick": "Gå snabbt (spring)",
    "axiom.keybind_options.use_vanilla_movement": "Använd inbyggda rörelseinställningar",
    "axiom.keybinds.paste": "Klista in",
    "axiom.keybinds.pick_block": "Välj block",
    "axiom.editorui.mainmenu.help.debug_info": "Felsökningsinfo",
    "axiom.keybinds.quick_fill": "Snabbifyllnad",
    "axiom.keybinds.quick_fill.fill_with": "Fyll i med...",
    "axiom.keybinds.quick_replace": "Snabbersättning",
    "axiom.keybinds.redo": "Gör om",
    "axiom.keybinds.rotate_camera": "Rotera kamera",
    "axiom.keybinds.rotate_placement": "Rotera placering",
    "axiom.keybinds.save_blueprint": "Spara skiss",
    "axiom.keybinds.show_biomes": "Visa uppdaterade biomer",
    "axiom.keybinds.show_selection": "Visa markering",
    "axiom.keybinds.undo": "Ångra",
    "axiom.keybinds.use_tool": "Använd verktyg",
    "axiom.toasts.disabled": "\"%s\" har inaktiverats",
    "axiom.toasts.enabled": "\"%s\" har aktiverats",
    "axiom.tool.biome_painter": "Biommålning",
    "axiom.tool.biome_painter.fill_vertically": "Fyll i vertikalt",
    "axiom.tool.biome_painter.visualize_biomes": "Visualisera biomer",
    "axiom.tool.box_select.position": "Position",
    "axiom.tool.box_select.shrink": "Förminska",
    "axiom.tool.box_select.shrink_description": "Förminskar markeringen för att få plats med icke-luftblock",
    "axiom.tool.box_select.size": "Storlek",
    "axiom.tool.box_select": "Rätblocksmarkering",
    "axiom.tool.clentaminator": "Naturmålning",
    "axiom.tool.clentaminator.allow_tall_grass": "Tillåt högt gräs",
    "axiom.tool.clentaminator.clear": "Inga",
    "axiom.tool.clentaminator.crop_type": "Grödtyp",
    "axiom.tool.clentaminator.crops": "Grödor",
    "axiom.tool.clentaminator.decorations": "Dekorationer",
    "axiom.tool.clentaminator.dirt_ground": "Jordmark",
    "axiom.tool.clentaminator.farmland": "Åkerjord",
    "axiom.tool.clentaminator.fertile_ocean_floor": "Bördig havsbotten",
    "axiom.tool.clentaminator.fully_grown": "Fullvuxen",
    "axiom.tool.clentaminator.grass": "Gräs",
    "axiom.tool.clentaminator.grass_block": "Gräsblock",
    "axiom.tool.clentaminator.grassiness": "Gräsmängd",
    "axiom.tool.clentaminator.gravel_ground": "Grusmark",
    "axiom.tool.clentaminator.moist_farmland": "Fuktig",
    "axiom.tool.clentaminator.sand": "Sand",
    "axiom.tool.clentaminator.stone": "Sten",
    "axiom.tool.clentaminator.tall_grass_block": "Högt gräs",
    "axiom.tool.clentaminator.terrain": "Terräng",
    "axiom.tool.distort": "Förvrängning",
    "axiom.tool.distort.distance": "Avstånd",
    "axiom.tool.distort.distance_x": "Avstånd i x-led",
    "axiom.tool.distort.distance_y": "Avstånd i y-led",
    "axiom.tool.distort.distance_z": "Avstånd i z-led",
    "axiom.tool.distort.distortion": "Förvrängning",
    "axiom.tool.distort.iterations": "Iterationer",
    "axiom.tool.distort.scale": "Skala",
    "axiom.tool.distort.separate_axis": "Separata axlar",
    "axiom.tool.distort.smooth_edges": "Släta kanter",
    "axiom.tool.elevation": "Höjdmålning",
    "axiom.tool.flatten": "Tillplattning",
    "axiom.tool.elevation.lower": "Sänk ned",
    "axiom.tool.elevation.raise": "Höj upp",
    "axiom.tool.elevation.raise_lower_mode": "Läge",
    "axiom.tool.extrude": "Extrudering",
    "axiom.tool.extrude.displace_expand_description": "Flyttar ett block tjocka ytor istället för att klona dem",
    "axiom.tool.extrude.displace_shrink_description": "Flyttar ett block tjocka ytor istället för att radera dem",
    "axiom.tool.extrude.mode": "Läge",
    "axiom.tool.extrude.mode.expand": "Utvidga",
    "axiom.tool.extrude.mode.shrink": "Förminska",
    "axiom.tool.flatten.lock_y": "Lås höjd",
    "axiom.tool.flatten.locked_at": "Låst vid: %s",
    "axiom.tool.flatten.right_click_to_lock": "Högerklicka för att låsa",
    "axiom.tool.flatten.unlock_y": "Återställ",
    "axiom.tool.freehand_select": "Frihandsmarkering",
    "axiom.tool.freehand_draw": "Frihandsritning",
    "axiom.tool.generic.advanced_options": "Avancerat",
    "axiom.tool.generic.brush": "Pensel",
    "axiom.tool.generic.brush_radius": "Radie",
    "axiom.tool.generic.brush_shape": "Form",
    "axiom.tool.generic.limit": "Begränsning",
    "axiom.tool.generic.live_preview": "Direkt förhandsvisning",
    "axiom.tool.generic.mask_surface": "Maskera till yta",
    "axiom.tool.generic.noise": "Brus",
    "axiom.tool.generic.noise_seed": "Frö",
    "axiom.tool.generic.noise_seed_do_randomize": "Slumpa frö",
    "axiom.tool.generic.reset_to_default": "Återställ till standardvärden",
    "axiom.tool.generic.smoothing_options": "Utjämning",
    "axiom.tool.generic.surface_only": "Endast ytor",
    "axiom.tool.gradient_painter": "Gradientmålning",
    "axiom.tool.gradient_painter.gradient": "Gradient",
    "axiom.tool.gradient_painter.gradient_interpolation": "Interpolering",
    "axiom.tool.gradient_painter.gradient_interpolation_bezier": "Bézier",
    "axiom.tool.gradient_painter.gradient_interpolation_linear": "Linjär",
    "axiom.tool.gradient_painter.gradient_interpolation_nearest": "Närmaste",
    "axiom.tool.gradient_painter.gradient_shape": "Form",
    "axiom.tool.gradient_painter.gradient_shape_plane": "Plan",
    "axiom.tool.heightmap.height": "Höjd",
    "axiom.tool.heightmap.sharpness": "Styrka",
    "axiom.tool.magic_select": "Trollspö",
    "axiom.tool.magic_select.compare_block": "Block",
    "axiom.tool.magic_select.compare_blockstate": "Blocktillstånd",
    "axiom.tool.melt": "Smältning",
    "axiom.tool.noise_painter": "Brusmålning",
    "axiom.tool.noise_painter.block_mode_count": "Antal block",
    "axiom.tool.noise_painter.block_mode_threshold": "Tröskelvärde",
    "axiom.tool.noise_painter.blocks": "Block",
    "axiom.tool.noise_painter.cumulative_distribution": "Kumulativ fördelning",
    "axiom.editorui.window.tool_masks.mask_all": "Alla",
    "axiom.editorui.window.tool_masks.mask_any": "Någon",
    "axiom.editorui.window.tool_masks.mask_not": "ICKE",
    "axiom.tool.noise_painter.lacunarity": "Lakunaritet",
    "axiom.tool.noise_painter.gain": "Förstärkning",
    "axiom.tool.noise_painter.jitter": "Jitter",
    "axiom.tool.noise_painter.octaves": "Oktaver",
    "axiom.tool.noise_painter.noise_preview": "Förhandsvisning",
    "axiom.tool.noise_painter.probability_density": "Sannolikhetstäthet",
    "axiom.tool.noise_painter.scale": "Skala",
    "axiom.tool.noise_painter.simplex_noise": "Simplex",
    "axiom.tool.noise_painter.voronoi_edges": "Voronoi-kanter",
    "axiom.tool.noise_painter.white_noise": "Vitt",
    "axiom.tool.noise_painter.splatter_noise": "Splatter",
    "axiom.tool.noise_painter.worley_noise": "Worley",
    "axiom.tool.painter": "Pensel",
    "axiom.tool.rock.meld_strength": "Sammanfogningsstyrka",
    "axiom.tool.rock.smoothing_stddev": "Standardavvikelse för utjämning",
    "axiom.tool.rock.meld_strength.description": "Hur mycket verktyget ska sammanfoga med marken\nDetta påverkas av \"Standardavvikelse för utjämning\"",
    "axiom.tool.rock.noise_field_seed": "Fält för brusför",
    "axiom.tool.rock.noise_field_seed.hint": "Slumpmässigt",
    "axiom.tool.rock.noise_radius": "Brusradie",
    "axiom.tool.rock.noisiness": "Brusmängd",
    "axiom.tool.rock.noisiness.description": "Hur mycket blocken påverkas av brusfröt\n0 = inget brus, sfäriskt\n1 = starkt brus, klumpar",
    "axiom.tool.rock.smoothing_stddev.description": "0 = ingen utjämning\n2 = normal utjämning (ca 4 block)\n5 = mycket stark utjämning (ca 10 block)",
    "axiom.tool.roughen": "Uppruggning",
    "axiom.tool.rock.preview_disabled": "Inaktiveras automatiskt för radier större än %s",
    "axiom.tool.roughen.mode_add": "Lägg till",
    "axiom.tool.roughen.mode_remove": "Ta bort",
    "axiom.tool.roughen.ratio": "Förhållande",
    "axiom.tool.ruler": "Linjal",
    "axiom.tool.ruler.add_point": "Lägg till punkt",
    "axiom.tool.ruler.bounding_size": "Avgränsningsstorlek = %s, %s, %s",
    "axiom.tool.ruler.information": "Information",
    "axiom.tool.ruler.maximum": "Maximalt = %s, %s, %s",
    "axiom.tool.ruler.minimum": "Minimalt = %s, %s, %s",
    "axiom.tool.ruler.no_information": "Saknas",
    "axiom.tool.ruler.pitch": "Stigning = %s",
    "axiom.tool.ruler.point_i": "Punkt %s",
    "axiom.tool.ruler.points": "Punkter",
    "axiom.tool.ruler.remove_point_i": "Ta bort punkt %s",
    "axiom.tool.ruler.total_length_euclidean": "Total längd (euklidisk) = %s",
    "axiom.tool.ruler.total_length_manhattan": "Total längd (Manhattan) = %s",
    "axiom.tool.ruler.yaw": "Girning = %s",
    "axiom.tool.sculpt_draw": "Skulptering",
    "axiom.tool.sculpt_draw.denoise": "Reducera brus",
    "axiom.tool.sculpt_draw.invert": "Invertera",
    "axiom.tool.sculpt_draw.mask_y": "Maskera höjd",
    "axiom.tool.sculpt_draw.strength": "Styrka",
    "axiom.tool.selection": "Markering",
    "axiom.tool.selection.add": "Lägg till",
    "axiom.tool.selection.mode": "Läge",
    "axiom.tool.selection.replace": "Ersätt",
    "axiom.tool.shape.cube": "Kub",
    "axiom.tool.shape.octahedron": "Oktaeder",
    "axiom.tool.shatter.axis": "Axel",
    "axiom.tool.shatter.axis_3d": "3D",
    "axiom.tool.shatter.axis_x": "X",
    "axiom.tool.shatter.axis_y": "Y",
    "axiom.tool.shatter.axis_z": "Z",
    "axiom.tool.shatter.scale": "Skala",
    "axiom.tool.shatter.use_active_block": "Använd aktivt block",
    "axiom.tool.shatter.width": "Bredd",
    "axiom.tool.slope": "Lutning",
    "axiom.tool.slope.mode": "Läge",
    "axiom.tool.slope.mode_cone": "Kon",
    "axiom.tool.slope.mode_plane": "Plan",
    "axiom.tool.smooth": "Utjämning",
    "axiom.tool.smooth.block_ratio": "Blockförhållande",
    "axiom.tool.smooth.modifiers": "Modifierare",
    "axiom.tool.smooth.mode_stable": "Stabil",
    "axiom.tool.smooth.strength": "Styrka",
    "axiom.tool.text": "Text",
    "axiom.tool.text.text_input": "Text",
    "axiom.tool.text.text_size": "Storlek",
    "axiom.tool.weld": "Svetsning",
    "axiom.tool.weld.strength": "Styrka",
    "axiom.tool.weld.threshold": "Tröskelvärde",
    "axiom.buildertool.cancel": "Avbryt",
    "axiom.buildertool.clone": "Klona",
    "axiom.buildertool.clone.finish": "Slutför",
    "axiom.buildertool.clone.scroll": "Rulla för att klona",
    "axiom.buildertool.confirm": "Bekräfta",
    "axiom.buildertool.erase": "Radera",
    "axiom.buildertool.first_point": "Första punkten",
    "axiom.buildertool.second_point": "Andra punkten",
    "axiom.buildertool.move": "Flytta",
    "axiom.buildertool.erase.delete": "Radera",
    "axiom.buildertool.move.scroll": "Rulla för att flytta",
    "axiom.buildertool.scroll_extend": "Klicka för att förlänga",
    "axiom.buildertool.smear": "Sträck ut",
    "axiom.buildertool.smear.scroll": "Rulla för att sträcka ut",
    "axiom.buildertool.stack": "Stapla",
    "axiom.buildertool.stack.scroll": "Rulla för att stapla",
    "axiom.capability.bulldozer.description": "Håll ned %s för att bryta block snabbare",
    "axiom.capability.bulldozer.title": "Bulldozer",
    "axiom.capability.fast_place.description": "Placera block snabbare på ett kontrollerat sätt",
    "axiom.capability.fast_place.title": "Snabbplacering",
    "axiom.capability.force_place.description": "Kringgå begränsningar för placering av block",
    "axiom.capability.force_place.title": "Tvingad placering",
    "axiom.capability.infinite_reach.description": "Tar bort begränsningen av räckvidden",
    "axiom.capability.infinite_reach.title": "Oändlig räckvidd",
    "axiom.capability.no_updates.description": "Förhindra att uppdatera angränsande block vid placering eller brytning",
    "axiom.capability.no_updates.title": "Inga uppdateringar",
    "axiom.capability.replace_mode.description": "Högerklicka på block för att ersätta dem med blocket du håller i",
    "axiom.capability.replace_mode.title": "Ersättningsläge",
    "axiom.capability.tinker.description": "Olika användbara interaktioner när du högerklickar med handen",
    "axiom.capability.tinker.title": "Tinker",
    "axiom.contextmenu.flight_momentum": "Flygmomentum: %s% %",
    "axiom.contextmenu.infinite_reach_limit": "Gräns för oändlig räckvidd: %s block",
    "axiom.contextmenu.infinite_reach_limit_none": "Gräns för oändlig räckvidd: ∞",
    "axiom.contextmenu.liquid_opacity": "Vätskeopacitet: %s% %",
    "axiom.contextmenu.min_brightness": "Lägsta ljusstyrka: %s% %",
    "axiom.editorui.hold_for_more_options": "Håll ned %s för fler alternativ",
    "axiom.editorui.left_mouse_short": "Vänsterklick",
    "axiom.editorui.view.main_name": "Huvudvy",
    "axiom.editorui.window.active_block.edit_properties_below": "*Redigera egenskaper nedan",
    "axiom.editorui.window.blueprint_browser.file_missing_message2": "Flyttade eller raderade du den genom %s?",
    "axiom.editorui.window.blueprint_browser.move_file": "Flytta",
    "axiom.editorui.window.create_blueprint.angle": "Vinkel",
    "axiom.history_description.stacked": "Staplade %s block",
    "axiom.tool.noise_painter.metaball_noise": "Metaboll",
    "axiom.widget.add_blueprint_tag": "Lägg till tagg",
    "axiom.widget.block_properties": "Egenskaper",
    "axiom.widget.block_tags": "Taggar",
    "axiom.widget.blueprint_tags": "Taggar",
    "axiom.widget.cancel": "Avbryt",
    "axiom.widget.confirm": "Bekräfta",
    "axiom.widget.create_blueprint_tag": "Skapa tagg",
    "axiom.widget.delete": "Radera",
    "axiom.widget.error": "Fel",
    "axiom.widget.error_biome_registry": "Biomregistret existerar inte!",
    "axiom.widget.false_block_property": "Nej",
    "axiom.widget.from_block": "Från",
    "axiom.widget.ok": "OK",
    "axiom.widget.remove_blueprint_tag": "Ta bort",
    "axiom.widget.rename": "Byt namn",
    "axiom.widget.select_block": "Välj block",
    "axiom.widget.to_block": "Till",
    "axiom.widget.true_block_property": "Ja",
    "axiom.widget.use_blueprint_tag": "Använd tagg",
    "gamerule.axiomDoBlockDrops": "(Axiom) Få föremål från brutna block",
    "gamerule.axiomDoBlockGravity": "(Axiom) Låt block ha gravitation",
    "gamerule.axiomDoTrampleFarmland": "(Axiom) Tillåt söndertrampning av åkerjord",
    "axiom.tutorial.continue": "Fortsätt",
    "axiom.tool.smooth.mode_melt": "Smält",
    "axiom.tool.smooth.fix_edges": "Fixa Kanter",
    "axiom.widget.any_block_property": "Någon",
    "axiom.tool.magic_select.compare_any": "Någon",
    "gamerule.axiomPlayerInvulnerability": "(Axiom) Spelarimmunitet",
    "axiom.keymod.alt": "Alt",
    "axiom.keybinds.quick_replace.replace_to": "Byt ut (till)",
    "axiom.editorui.window.style_editor.button": "Knapp",
    "axiom.editorui.window.style_editor.button_active": "Knapp (aktiv)",
    "axiom.keymod.mac_cmd": "Cmd",
    "axiom.editorui.window.style_editor.color": "Färg",
    "axiom.tool.magic_select.compare_mode": "Jämför",
    "axiom.editorui.window.style_editor.copied": "Kopierad!",
    "axiom.keymod.ctrl": "Ctrl",
    "axiom.editorui.window.style_editor.frame_category": "Ram",
    "axiom.editorui.window.style_editor.frame_background": "Rambakgrund",
    "axiom.editorui.window.style_editor.frame_background_active": "Rambakgrund (Aktiv)",
    "axiom.editorui.window.clipboard.paste_hint": "%s för att klistra in urklipp",
    "axiom.tool.selection.actions": "Handlingar",
    "axiom.tool.painter.paint_mode.active_block": "Aktivt Block",
    "axiom.tool.elevation.apply_mode": "Tillämpa",
    "axiom.tool.shape.rotation.auto": "Auto",
    "axiom.window.autoshade.palette_type.automatic": "Automatisk"
}
